{
  "143628": {
    "execve": [
      "D:\\gcc\\5.3.0\\32bit\\bin\\gcc.exe",
      [
        "gcc",
        "-O3",
        "-DUSE_MMAP",
        "-c",
        "-o",
        "F:\\Sample\\zlib-1.2.3_for_STATIC\\example.o",
        "F:\\Sample\\zlib-1.2.3_for_STATIC\\example.c"
      ],
      "F:\\Sample\\zlib-1.2.3_for_STATIC"
    ],
    "open": [
      "D:\\gcc\\5.3.0\\32bit\\include\\_mingw.h",
      "D:\\gcc\\5.3.0\\32bit\\include\\getopt.h",
      "D:\\gcc\\5.3.0\\32bit\\include\\io.h",
      "D:\\gcc\\5.3.0\\32bit\\include\\msvcrtver.h",
      "D:\\gcc\\5.3.0\\32bit\\include\\process.h",
      "D:\\gcc\\5.3.0\\32bit\\include\\sdkddkver.h",
      "D:\\gcc\\5.3.0\\32bit\\include\\stdint.h",
      "D:\\gcc\\5.3.0\\32bit\\include\\stdio.h",
      "D:\\gcc\\5.3.0\\32bit\\include\\stdlib.h",
      "D:\\gcc\\5.3.0\\32bit\\include\\string.h",
      "D:\\gcc\\5.3.0\\32bit\\include\\strings.h",
      "D:\\gcc\\5.3.0\\32bit\\include\\sys\\types.h",
      "D:\\gcc\\5.3.0\\32bit\\include\\unistd.h",
      "D:\\gcc\\5.3.0\\32bit\\include\\w32api.h",
      "D:\\gcc\\5.3.0\\32bit\\include\\wchar.h",
      "D:\\gcc\\5.3.0\\32bit\\lib\\gcc\\mingw32\\5.3.0\\include\\stdarg.h",
      "D:\\gcc\\5.3.0\\32bit\\lib\\gcc\\mingw32\\5.3.0\\include\\stddef.h",
      "F:\\Sample\\zlib-1.2.3_for_STATIC\\example.c",
      "F:\\Sample\\zlib-1.2.3_for_STATIC\\zconf.h",
      "F:\\Sample\\zlib-1.2.3_for_STATIC\\zlib.h"
    ]
  },
  "128392": {
    "execve": [
      "D:\\gcc\\5.3.0\\32bit\\bin\\gcc.exe",
      [
        "gcc",
        "-O3",
        "-DUSE_MMAP",
        "-c",
        "-o",
        "F:\\Sample\\zlib-1.2.3_for_STATIC\\adler32.o",
        "F:\\Sample\\zlib-1.2.3_for_STATIC\\adler32.c"
      ],
      "F:\\Sample\\zlib-1.2.3_for_STATIC"
    ],
    "open": [
      "D:\\gcc\\5.3.0\\32bit\\include\\_mingw.h",
      "D:\\gcc\\5.3.0\\32bit\\include\\getopt.h",
      "D:\\gcc\\5.3.0\\32bit\\include\\io.h",
      "D:\\gcc\\5.3.0\\32bit\\include\\msvcrtver.h",
      "D:\\gcc\\5.3.0\\32bit\\include\\process.h",
      "D:\\gcc\\5.3.0\\32bit\\include\\sdkddkver.h",
      "D:\\gcc\\5.3.0\\32bit\\include\\stdint.h",
      "D:\\gcc\\5.3.0\\32bit\\include\\sys\\types.h",
      "D:\\gcc\\5.3.0\\32bit\\include\\unistd.h",
      "D:\\gcc\\5.3.0\\32bit\\include\\w32api.h",
      "D:\\gcc\\5.3.0\\32bit\\lib\\gcc\\mingw32\\5.3.0\\include\\stddef.h",
      "F:\\Sample\\zlib-1.2.3_for_STATIC\\adler32.c",
      "F:\\Sample\\zlib-1.2.3_for_STATIC\\zconf.h",
      "F:\\Sample\\zlib-1.2.3_for_STATIC\\zlib.h"
    ]
  },
  "114948": {
    "execve": [
      "D:\\gcc\\5.3.0\\32bit\\bin\\gcc.exe",
      [
        "gcc",
        "-O3",
        "-DUSE_MMAP",
        "-c",
        "-o",
        "F:\\Sample\\zlib-1.2.3_for_STATIC\\compress.o",
        "F:\\Sample\\zlib-1.2.3_for_STATIC\\compress.c"
      ],
      "F:\\Sample\\zlib-1.2.3_for_STATIC"
    ],
    "open": [
      "D:\\gcc\\5.3.0\\32bit\\include\\_mingw.h",
      "D:\\gcc\\5.3.0\\32bit\\include\\getopt.h",
      "D:\\gcc\\5.3.0\\32bit\\include\\io.h",
      "D:\\gcc\\5.3.0\\32bit\\include\\msvcrtver.h",
      "D:\\gcc\\5.3.0\\32bit\\include\\process.h",
      "D:\\gcc\\5.3.0\\32bit\\include\\sdkddkver.h",
      "D:\\gcc\\5.3.0\\32bit\\include\\stdint.h",
      "D:\\gcc\\5.3.0\\32bit\\include\\sys\\types.h",
      "D:\\gcc\\5.3.0\\32bit\\include\\unistd.h",
      "D:\\gcc\\5.3.0\\32bit\\include\\w32api.h",
      "D:\\gcc\\5.3.0\\32bit\\lib\\gcc\\mingw32\\5.3.0\\include\\stddef.h",
      "F:\\Sample\\zlib-1.2.3_for_STATIC\\compress.c",
      "F:\\Sample\\zlib-1.2.3_for_STATIC\\zconf.h",
      "F:\\Sample\\zlib-1.2.3_for_STATIC\\zlib.h"
    ]
  },
  "144036": {
    "execve": [
      "D:\\gcc\\5.3.0\\32bit\\bin\\gcc.exe",
      [
        "gcc",
        "-O3",
        "-DUSE_MMAP",
        "-c",
        "-o",
        "F:\\Sample\\zlib-1.2.3_for_STATIC\\crc32.o",
        "F:\\Sample\\zlib-1.2.3_for_STATIC\\crc32.c"
      ],
      "F:\\Sample\\zlib-1.2.3_for_STATIC"
    ],
    "open": [
      "D:\\gcc\\5.3.0\\32bit\\include\\_mingw.h",
      "D:\\gcc\\5.3.0\\32bit\\include\\errno.h",
      "D:\\gcc\\5.3.0\\32bit\\include\\getopt.h",
      "D:\\gcc\\5.3.0\\32bit\\include\\io.h",
      "D:\\gcc\\5.3.0\\32bit\\include\\limits.h",
      "D:\\gcc\\5.3.0\\32bit\\include\\msvcrtver.h",
      "D:\\gcc\\5.3.0\\32bit\\include\\process.h",
      "D:\\gcc\\5.3.0\\32bit\\include\\sdkddkver.h",
      "D:\\gcc\\5.3.0\\32bit\\include\\stdint.h",
      "D:\\gcc\\5.3.0\\32bit\\include\\stdlib.h",
      "D:\\gcc\\5.3.0\\32bit\\include\\string.h",
      "D:\\gcc\\5.3.0\\32bit\\include\\strings.h",
      "D:\\gcc\\5.3.0\\32bit\\include\\sys\\types.h",
      "D:\\gcc\\5.3.0\\32bit\\include\\unistd.h",
      "D:\\gcc\\5.3.0\\32bit\\include\\w32api.h",
      "D:\\gcc\\5.3.0\\32bit\\include\\wchar.h",
      "D:\\gcc\\5.3.0\\32bit\\lib\\gcc\\mingw32\\5.3.0\\include\\stddef.h",
      "F:\\Sample\\zlib-1.2.3_for_STATIC\\crc32.c",
      "F:\\Sample\\zlib-1.2.3_for_STATIC\\crc32.h",
      "F:\\Sample\\zlib-1.2.3_for_STATIC\\zconf.h",
      "F:\\Sample\\zlib-1.2.3_for_STATIC\\zlib.h",
      "F:\\Sample\\zlib-1.2.3_for_STATIC\\zutil.h"
    ]
  },
  "144160": {
    "execve": [
      "D:\\gcc\\5.3.0\\32bit\\bin\\gcc.exe",
      [
        "gcc",
        "-O3",
        "-DUSE_MMAP",
        "-c",
        "-o",
        "F:\\Sample\\zlib-1.2.3_for_STATIC\\gzio.o",
        "F:\\Sample\\zlib-1.2.3_for_STATIC\\gzio.c"
      ],
      "F:\\Sample\\zlib-1.2.3_for_STATIC"
    ],
    "open": [
      "D:\\gcc\\5.3.0\\32bit\\include\\_mingw.h",
      "D:\\gcc\\5.3.0\\32bit\\include\\errno.h",
      "D:\\gcc\\5.3.0\\32bit\\include\\getopt.h",
      "D:\\gcc\\5.3.0\\32bit\\include\\io.h",
      "D:\\gcc\\5.3.0\\32bit\\include\\msvcrtver.h",
      "D:\\gcc\\5.3.0\\32bit\\include\\process.h",
      "D:\\gcc\\5.3.0\\32bit\\include\\sdkddkver.h",
      "D:\\gcc\\5.3.0\\32bit\\include\\stdint.h",
      "D:\\gcc\\5.3.0\\32bit\\include\\stdio.h",
      "D:\\gcc\\5.3.0\\32bit\\include\\stdlib.h",
      "D:\\gcc\\5.3.0\\32bit\\include\\string.h",
      "D:\\gcc\\5.3.0\\32bit\\include\\strings.h",
      "D:\\gcc\\5.3.0\\32bit\\include\\sys\\types.h",
      "D:\\gcc\\5.3.0\\32bit\\include\\unistd.h",
      "D:\\gcc\\5.3.0\\32bit\\include\\w32api.h",
      "D:\\gcc\\5.3.0\\32bit\\include\\wchar.h",
      "D:\\gcc\\5.3.0\\32bit\\lib\\gcc\\mingw32\\5.3.0\\include\\stdarg.h",
      "D:\\gcc\\5.3.0\\32bit\\lib\\gcc\\mingw32\\5.3.0\\include\\stddef.h",
      "F:\\Sample\\zlib-1.2.3_for_STATIC\\gzio.c",
      "F:\\Sample\\zlib-1.2.3_for_STATIC\\zconf.h",
      "F:\\Sample\\zlib-1.2.3_for_STATIC\\zlib.h",
      "F:\\Sample\\zlib-1.2.3_for_STATIC\\zutil.h"
    ]
  },
  "144312": {
    "execve": [
      "D:\\gcc\\5.3.0\\32bit\\bin\\gcc.exe",
      [
        "gcc",
        "-O3",
        "-DUSE_MMAP",
        "-c",
        "-o",
        "F:\\Sample\\zlib-1.2.3_for_STATIC\\uncompr.o",
        "F:\\Sample\\zlib-1.2.3_for_STATIC\\uncompr.c"
      ],
      "F:\\Sample\\zlib-1.2.3_for_STATIC"
    ],
    "open": [
      "D:\\gcc\\5.3.0\\32bit\\include\\_mingw.h",
      "D:\\gcc\\5.3.0\\32bit\\include\\getopt.h",
      "D:\\gcc\\5.3.0\\32bit\\include\\io.h",
      "D:\\gcc\\5.3.0\\32bit\\include\\msvcrtver.h",
      "D:\\gcc\\5.3.0\\32bit\\include\\process.h",
      "D:\\gcc\\5.3.0\\32bit\\include\\sdkddkver.h",
      "D:\\gcc\\5.3.0\\32bit\\include\\stdint.h",
      "D:\\gcc\\5.3.0\\32bit\\include\\sys\\types.h",
      "D:\\gcc\\5.3.0\\32bit\\include\\unistd.h",
      "D:\\gcc\\5.3.0\\32bit\\include\\w32api.h",
      "D:\\gcc\\5.3.0\\32bit\\lib\\gcc\\mingw32\\5.3.0\\include\\stddef.h",
      "F:\\Sample\\zlib-1.2.3_for_STATIC\\uncompr.c",
      "F:\\Sample\\zlib-1.2.3_for_STATIC\\zconf.h",
      "F:\\Sample\\zlib-1.2.3_for_STATIC\\zlib.h"
    ]
  },
  "144364": {
    "execve": [
      "D:\\gcc\\5.3.0\\32bit\\bin\\gcc.exe",
      [
        "gcc",
        "-O3",
        "-DUSE_MMAP",
        "-c",
        "-o",
        "F:\\Sample\\zlib-1.2.3_for_STATIC\\deflate.o",
        "F:\\Sample\\zlib-1.2.3_for_STATIC\\deflate.c"
      ],
      "F:\\Sample\\zlib-1.2.3_for_STATIC"
    ],
    "open": [
      "D:\\gcc\\5.3.0\\32bit\\include\\_mingw.h",
      "D:\\gcc\\5.3.0\\32bit\\include\\errno.h",
      "D:\\gcc\\5.3.0\\32bit\\include\\getopt.h",
      "D:\\gcc\\5.3.0\\32bit\\include\\io.h",
      "D:\\gcc\\5.3.0\\32bit\\include\\msvcrtver.h",
      "D:\\gcc\\5.3.0\\32bit\\include\\process.h",
      "D:\\gcc\\5.3.0\\32bit\\include\\sdkddkver.h",
      "D:\\gcc\\5.3.0\\32bit\\include\\stdint.h",
      "D:\\gcc\\5.3.0\\32bit\\include\\stdlib.h",
      "D:\\gcc\\5.3.0\\32bit\\include\\string.h",
      "D:\\gcc\\5.3.0\\32bit\\include\\strings.h",
      "D:\\gcc\\5.3.0\\32bit\\include\\sys\\types.h",
      "D:\\gcc\\5.3.0\\32bit\\include\\unistd.h",
      "D:\\gcc\\5.3.0\\32bit\\include\\w32api.h",
      "D:\\gcc\\5.3.0\\32bit\\include\\wchar.h",
      "D:\\gcc\\5.3.0\\32bit\\lib\\gcc\\mingw32\\5.3.0\\include\\stddef.h",
      "F:\\Sample\\zlib-1.2.3_for_STATIC\\deflate.c",
      "F:\\Sample\\zlib-1.2.3_for_STATIC\\deflate.h",
      "F:\\Sample\\zlib-1.2.3_for_STATIC\\zconf.h",
      "F:\\Sample\\zlib-1.2.3_for_STATIC\\zlib.h",
      "F:\\Sample\\zlib-1.2.3_for_STATIC\\zutil.h"
    ]
  },
  "143448": {
    "execve": [
      "D:\\gcc\\5.3.0\\32bit\\bin\\gcc.exe",
      [
        "gcc",
        "-O3",
        "-DUSE_MMAP",
        "-c",
        "-o",
        "F:\\Sample\\zlib-1.2.3_for_STATIC\\trees.o",
        "F:\\Sample\\zlib-1.2.3_for_STATIC\\trees.c"
      ],
      "F:\\Sample\\zlib-1.2.3_for_STATIC"
    ],
    "open": [
      "D:\\gcc\\5.3.0\\32bit\\include\\_mingw.h",
      "D:\\gcc\\5.3.0\\32bit\\include\\errno.h",
      "D:\\gcc\\5.3.0\\32bit\\include\\getopt.h",
      "D:\\gcc\\5.3.0\\32bit\\include\\io.h",
      "D:\\gcc\\5.3.0\\32bit\\include\\msvcrtver.h",
      "D:\\gcc\\5.3.0\\32bit\\include\\process.h",
      "D:\\gcc\\5.3.0\\32bit\\include\\sdkddkver.h",
      "D:\\gcc\\5.3.0\\32bit\\include\\stdint.h",
      "D:\\gcc\\5.3.0\\32bit\\include\\stdlib.h",
      "D:\\gcc\\5.3.0\\32bit\\include\\string.h",
      "D:\\gcc\\5.3.0\\32bit\\include\\strings.h",
      "D:\\gcc\\5.3.0\\32bit\\include\\sys\\types.h",
      "D:\\gcc\\5.3.0\\32bit\\include\\unistd.h",
      "D:\\gcc\\5.3.0\\32bit\\include\\w32api.h",
      "D:\\gcc\\5.3.0\\32bit\\include\\wchar.h",
      "D:\\gcc\\5.3.0\\32bit\\lib\\gcc\\mingw32\\5.3.0\\include\\stddef.h",
      "F:\\Sample\\zlib-1.2.3_for_STATIC\\deflate.h",
      "F:\\Sample\\zlib-1.2.3_for_STATIC\\trees.c",
      "F:\\Sample\\zlib-1.2.3_for_STATIC\\trees.h",
      "F:\\Sample\\zlib-1.2.3_for_STATIC\\zconf.h",
      "F:\\Sample\\zlib-1.2.3_for_STATIC\\zlib.h",
      "F:\\Sample\\zlib-1.2.3_for_STATIC\\zutil.h"
    ]
  },
  "143520": {
    "execve": [
      "D:\\gcc\\5.3.0\\32bit\\bin\\gcc.exe",
      [
        "gcc",
        "-O3",
        "-DUSE_MMAP",
        "-c",
        "-o",
        "F:\\Sample\\zlib-1.2.3_for_STATIC\\zutil.o",
        "F:\\Sample\\zlib-1.2.3_for_STATIC\\zutil.c"
      ],
      "F:\\Sample\\zlib-1.2.3_for_STATIC"
    ],
    "open": [
      "D:\\gcc\\5.3.0\\32bit\\include\\_mingw.h",
      "D:\\gcc\\5.3.0\\32bit\\include\\errno.h",
      "D:\\gcc\\5.3.0\\32bit\\include\\getopt.h",
      "D:\\gcc\\5.3.0\\32bit\\include\\io.h",
      "D:\\gcc\\5.3.0\\32bit\\include\\msvcrtver.h",
      "D:\\gcc\\5.3.0\\32bit\\include\\process.h",
      "D:\\gcc\\5.3.0\\32bit\\include\\sdkddkver.h",
      "D:\\gcc\\5.3.0\\32bit\\include\\stdint.h",
      "D:\\gcc\\5.3.0\\32bit\\include\\stdlib.h",
      "D:\\gcc\\5.3.0\\32bit\\include\\string.h",
      "D:\\gcc\\5.3.0\\32bit\\include\\strings.h",
      "D:\\gcc\\5.3.0\\32bit\\include\\sys\\types.h",
      "D:\\gcc\\5.3.0\\32bit\\include\\unistd.h",
      "D:\\gcc\\5.3.0\\32bit\\include\\w32api.h",
      "D:\\gcc\\5.3.0\\32bit\\include\\wchar.h",
      "D:\\gcc\\5.3.0\\32bit\\lib\\gcc\\mingw32\\5.3.0\\include\\stddef.h",
      "F:\\Sample\\zlib-1.2.3_for_STATIC\\zconf.h",
      "F:\\Sample\\zlib-1.2.3_for_STATIC\\zlib.h",
      "F:\\Sample\\zlib-1.2.3_for_STATIC\\zutil.c",
      "F:\\Sample\\zlib-1.2.3_for_STATIC\\zutil.h"
    ]
  },
  "143368": {
    "execve": [
      "D:\\gcc\\5.3.0\\32bit\\bin\\gcc.exe",
      [
        "gcc",
        "-O3",
        "-DUSE_MMAP",
        "-c",
        "-o",
        "F:\\Sample\\zlib-1.2.3_for_STATIC\\inflate.o",
        "F:\\Sample\\zlib-1.2.3_for_STATIC\\inflate.c"
      ],
      "F:\\Sample\\zlib-1.2.3_for_STATIC"
    ],
    "open": [
      "D:\\gcc\\5.3.0\\32bit\\include\\_mingw.h",
      "D:\\gcc\\5.3.0\\32bit\\include\\errno.h",
      "D:\\gcc\\5.3.0\\32bit\\include\\getopt.h",
      "D:\\gcc\\5.3.0\\32bit\\include\\io.h",
      "D:\\gcc\\5.3.0\\32bit\\include\\msvcrtver.h",
      "D:\\gcc\\5.3.0\\32bit\\include\\process.h",
      "D:\\gcc\\5.3.0\\32bit\\include\\sdkddkver.h",
      "D:\\gcc\\5.3.0\\32bit\\include\\stdint.h",
      "D:\\gcc\\5.3.0\\32bit\\include\\stdlib.h",
      "D:\\gcc\\5.3.0\\32bit\\include\\string.h",
      "D:\\gcc\\5.3.0\\32bit\\include\\strings.h",
      "D:\\gcc\\5.3.0\\32bit\\include\\sys\\types.h",
      "D:\\gcc\\5.3.0\\32bit\\include\\unistd.h",
      "D:\\gcc\\5.3.0\\32bit\\include\\w32api.h",
      "D:\\gcc\\5.3.0\\32bit\\include\\wchar.h",
      "D:\\gcc\\5.3.0\\32bit\\lib\\gcc\\mingw32\\5.3.0\\include\\stddef.h",
      "F:\\Sample\\zlib-1.2.3_for_STATIC\\inffast.h",
      "F:\\Sample\\zlib-1.2.3_for_STATIC\\inffixed.h",
      "F:\\Sample\\zlib-1.2.3_for_STATIC\\inflate.c",
      "F:\\Sample\\zlib-1.2.3_for_STATIC\\inflate.h",
      "F:\\Sample\\zlib-1.2.3_for_STATIC\\inftrees.h",
      "F:\\Sample\\zlib-1.2.3_for_STATIC\\zconf.h",
      "F:\\Sample\\zlib-1.2.3_for_STATIC\\zlib.h",
      "F:\\Sample\\zlib-1.2.3_for_STATIC\\zutil.h"
    ]
  },
  "143940": {
    "execve": [
      "D:\\gcc\\5.3.0\\32bit\\bin\\gcc.exe",
      [
        "gcc",
        "-O3",
        "-DUSE_MMAP",
        "-c",
        "-o",
        "F:\\Sample\\zlib-1.2.3_for_STATIC\\infback.o",
        "F:\\Sample\\zlib-1.2.3_for_STATIC\\infback.c"
      ],
      "F:\\Sample\\zlib-1.2.3_for_STATIC"
    ],
    "open": [
      "D:\\gcc\\5.3.0\\32bit\\include\\_mingw.h",
      "D:\\gcc\\5.3.0\\32bit\\include\\errno.h",
      "D:\\gcc\\5.3.0\\32bit\\include\\getopt.h",
      "D:\\gcc\\5.3.0\\32bit\\include\\io.h",
      "D:\\gcc\\5.3.0\\32bit\\include\\msvcrtver.h",
      "D:\\gcc\\5.3.0\\32bit\\include\\process.h",
      "D:\\gcc\\5.3.0\\32bit\\include\\sdkddkver.h",
      "D:\\gcc\\5.3.0\\32bit\\include\\stdint.h",
      "D:\\gcc\\5.3.0\\32bit\\include\\stdlib.h",
      "D:\\gcc\\5.3.0\\32bit\\include\\string.h",
      "D:\\gcc\\5.3.0\\32bit\\include\\strings.h",
      "D:\\gcc\\5.3.0\\32bit\\include\\sys\\types.h",
      "D:\\gcc\\5.3.0\\32bit\\include\\unistd.h",
      "D:\\gcc\\5.3.0\\32bit\\include\\w32api.h",
      "D:\\gcc\\5.3.0\\32bit\\include\\wchar.h",
      "D:\\gcc\\5.3.0\\32bit\\lib\\gcc\\mingw32\\5.3.0\\include\\stddef.h",
      "F:\\Sample\\zlib-1.2.3_for_STATIC\\infback.c",
      "F:\\Sample\\zlib-1.2.3_for_STATIC\\inffast.h",
      "F:\\Sample\\zlib-1.2.3_for_STATIC\\inffixed.h",
      "F:\\Sample\\zlib-1.2.3_for_STATIC\\inflate.h",
      "F:\\Sample\\zlib-1.2.3_for_STATIC\\inftrees.h",
      "F:\\Sample\\zlib-1.2.3_for_STATIC\\zconf.h",
      "F:\\Sample\\zlib-1.2.3_for_STATIC\\zlib.h",
      "F:\\Sample\\zlib-1.2.3_for_STATIC\\zutil.h"
    ]
  },
  "143012": {
    "execve": [
      "D:\\gcc\\5.3.0\\32bit\\bin\\gcc.exe",
      [
        "gcc",
        "-O3",
        "-DUSE_MMAP",
        "-c",
        "-o",
        "F:\\Sample\\zlib-1.2.3_for_STATIC\\inftrees.o",
        "F:\\Sample\\zlib-1.2.3_for_STATIC\\inftrees.c"
      ],
      "F:\\Sample\\zlib-1.2.3_for_STATIC"
    ],
    "open": [
      "D:\\gcc\\5.3.0\\32bit\\include\\_mingw.h",
      "D:\\gcc\\5.3.0\\32bit\\include\\errno.h",
      "D:\\gcc\\5.3.0\\32bit\\include\\getopt.h",
      "D:\\gcc\\5.3.0\\32bit\\include\\io.h",
      "D:\\gcc\\5.3.0\\32bit\\include\\msvcrtver.h",
      "D:\\gcc\\5.3.0\\32bit\\include\\process.h",
      "D:\\gcc\\5.3.0\\32bit\\include\\sdkddkver.h",
      "D:\\gcc\\5.3.0\\32bit\\include\\stdint.h",
      "D:\\gcc\\5.3.0\\32bit\\include\\stdlib.h",
      "D:\\gcc\\5.3.0\\32bit\\include\\string.h",
      "D:\\gcc\\5.3.0\\32bit\\include\\strings.h",
      "D:\\gcc\\5.3.0\\32bit\\include\\sys\\types.h",
      "D:\\gcc\\5.3.0\\32bit\\include\\unistd.h",
      "D:\\gcc\\5.3.0\\32bit\\include\\w32api.h",
      "D:\\gcc\\5.3.0\\32bit\\include\\wchar.h",
      "D:\\gcc\\5.3.0\\32bit\\lib\\gcc\\mingw32\\5.3.0\\include\\stddef.h",
      "F:\\Sample\\zlib-1.2.3_for_STATIC\\inftrees.c",
      "F:\\Sample\\zlib-1.2.3_for_STATIC\\inftrees.h",
      "F:\\Sample\\zlib-1.2.3_for_STATIC\\zconf.h",
      "F:\\Sample\\zlib-1.2.3_for_STATIC\\zlib.h",
      "F:\\Sample\\zlib-1.2.3_for_STATIC\\zutil.h"
    ]
  },
  "144132": {
    "execve": [
      "D:\\gcc\\5.3.0\\32bit\\bin\\gcc.exe",
      [
        "gcc",
        "-O3",
        "-DUSE_MMAP",
        "-c",
        "-o",
        "F:\\Sample\\zlib-1.2.3_for_STATIC\\inffast.o",
        "F:\\Sample\\zlib-1.2.3_for_STATIC\\inffast.c"
      ],
      "F:\\Sample\\zlib-1.2.3_for_STATIC"
    ],
    "open": [
      "D:\\gcc\\5.3.0\\32bit\\include\\_mingw.h",
      "D:\\gcc\\5.3.0\\32bit\\include\\errno.h",
      "D:\\gcc\\5.3.0\\32bit\\include\\getopt.h",
      "D:\\gcc\\5.3.0\\32bit\\include\\io.h",
      "D:\\gcc\\5.3.0\\32bit\\include\\msvcrtver.h",
      "D:\\gcc\\5.3.0\\32bit\\include\\process.h",
      "D:\\gcc\\5.3.0\\32bit\\include\\sdkddkver.h",
      "D:\\gcc\\5.3.0\\32bit\\include\\stdint.h",
      "D:\\gcc\\5.3.0\\32bit\\include\\stdlib.h",
      "D:\\gcc\\5.3.0\\32bit\\include\\string.h",
      "D:\\gcc\\5.3.0\\32bit\\include\\strings.h",
      "D:\\gcc\\5.3.0\\32bit\\include\\sys\\types.h",
      "D:\\gcc\\5.3.0\\32bit\\include\\unistd.h",
      "D:\\gcc\\5.3.0\\32bit\\include\\w32api.h",
      "D:\\gcc\\5.3.0\\32bit\\include\\wchar.h",
      "D:\\gcc\\5.3.0\\32bit\\lib\\gcc\\mingw32\\5.3.0\\include\\stddef.h",
      "F:\\Sample\\zlib-1.2.3_for_STATIC\\inffast.c",
      "F:\\Sample\\zlib-1.2.3_for_STATIC\\inffast.h",
      "F:\\Sample\\zlib-1.2.3_for_STATIC\\inflate.h",
      "F:\\Sample\\zlib-1.2.3_for_STATIC\\inftrees.h",
      "F:\\Sample\\zlib-1.2.3_for_STATIC\\zconf.h",
      "F:\\Sample\\zlib-1.2.3_for_STATIC\\zlib.h",
      "F:\\Sample\\zlib-1.2.3_for_STATIC\\zutil.h"
    ]
  },
  "143500": {
    "execve": [
      "D:\\gcc\\5.3.0\\32bit\\bin\\gcc.exe",
      [
        "gcc",
        "-O3",
        "-DUSE_MMAP",
        "-o",
        "F:\\Sample\\zlib-1.2.3_for_STATIC\\example.exe",
        "F:\\Sample\\zlib-1.2.3_for_STATIC\\example.o",
        "-L.",
        "F:\\Sample\\zlib-1.2.3_for_STATIC\\libz.a"
      ],
      "F:\\Sample\\zlib-1.2.3_for_STATIC"
    ],
    "open": []
  },
  "132904": {
    "execve": [
      "D:\\gcc\\5.3.0\\32bit\\bin\\gcc.exe",
      [
        "gcc",
        "-O3",
        "-DUSE_MMAP",
        "-c",
        "-o",
        "F:\\Sample\\zlib-1.2.3_for_STATIC\\minigzip.o",
        "F:\\Sample\\zlib-1.2.3_for_STATIC\\minigzip.c"
      ],
      "F:\\Sample\\zlib-1.2.3_for_STATIC"
    ],
    "open": [
      "D:\\gcc\\5.3.0\\32bit\\include\\_mingw.h",
      "D:\\gcc\\5.3.0\\32bit\\include\\fcntl.h",
      "D:\\gcc\\5.3.0\\32bit\\include\\getopt.h",
      "D:\\gcc\\5.3.0\\32bit\\include\\io.h",
      "D:\\gcc\\5.3.0\\32bit\\include\\msvcrtver.h",
      "D:\\gcc\\5.3.0\\32bit\\include\\process.h",
      "D:\\gcc\\5.3.0\\32bit\\include\\sdkddkver.h",
      "D:\\gcc\\5.3.0\\32bit\\include\\stdint.h",
      "D:\\gcc\\5.3.0\\32bit\\include\\stdio.h",
      "D:\\gcc\\5.3.0\\32bit\\include\\stdlib.h",
      "D:\\gcc\\5.3.0\\32bit\\include\\string.h",
      "D:\\gcc\\5.3.0\\32bit\\include\\strings.h",
      "D:\\gcc\\5.3.0\\32bit\\include\\sys\\types.h",
      "D:\\gcc\\5.3.0\\32bit\\include\\unistd.h",
      "D:\\gcc\\5.3.0\\32bit\\include\\w32api.h",
      "D:\\gcc\\5.3.0\\32bit\\include\\wchar.h",
      "D:\\gcc\\5.3.0\\32bit\\lib\\gcc\\mingw32\\5.3.0\\include\\stdarg.h",
      "D:\\gcc\\5.3.0\\32bit\\lib\\gcc\\mingw32\\5.3.0\\include\\stddef.h",
      "F:\\Sample\\zlib-1.2.3_for_STATIC\\minigzip.c",
      "F:\\Sample\\zlib-1.2.3_for_STATIC\\zconf.h",
      "F:\\Sample\\zlib-1.2.3_for_STATIC\\zlib.h"
    ]
  },
  "134076": {
    "execve": [
      "D:\\gcc\\5.3.0\\32bit\\bin\\gcc.exe",
      [
        "gcc",
        "-O3",
        "-DUSE_MMAP",
        "-o",
        "F:\\Sample\\zlib-1.2.3_for_STATIC\\minigzip.exe",
        "F:\\Sample\\zlib-1.2.3_for_STATIC\\minigzip.o",
        "-L.",
        "F:\\Sample\\zlib-1.2.3_for_STATIC\\libz.a"
      ],
      "F:\\Sample\\zlib-1.2.3_for_STATIC"
    ],
    "open": []
  }
}